[
  {
    "nome": "Acuidade com arma",
    "tipo": "Combate",
    "requisitos": { "tipo": "atributo", "nome": "Des", "valor": 1 },
    "texto": "Quando usa uma arma corpo a corpo leve ou uma arma de arremesso, você pode usar sua Destreza em vez de Força nos testes de ataque e rolagens de dano.",
    "ref": { "Manual": "Manual Básico", "pagina": 124 }
  },
  {
    "nome": "Acrobático",
    "tipo": "Destino",
    "requisitos": { "tipo": "atributo", "nome": "Des", "valor": 2 },
    "texto": "Você pode usar sua Destreza em vez de Força em testes de Atletismo. Além disso, terreno difícil não reduz seu deslocamento nem o impede de realizar investidas.",
    "ref": { "Manual": "Manual Básico", "pagina": 129 }
  },
  {
    "nome": "Celebrar Ritual",
    "tipo": "Magia",
    "requisitos": [
      { "tipo": "nivel", "valor": 8 },
      {
        "OR": [
          { "tipo": "pericia", "nome": "Misticismo", "treinado": true },
          { "tipo": "pericia", "nome": "Religiao", "treinado": true }
        ]
      }
    ],
    "texto": "Você pode lançar magias como rituais. Isso dobra seu limite de PM, mas muda a execução para 1 hora (ou o dobro, o que for maior) e exige um gasto de T$ 10 por PM gasto (em incensos, oferendas...). Assim, um arcanista de 8º nível pode lançar uma magia de 16 PM gastando T$ 160.",
    "ref": { "Manual": "Manual Básico", "pagina": 131 }
  },
  {
    "nome": "Afinidade com a Tormenta",
    "subtitulo": "Aharadak",
    "tipo": "Poder Concedido",
    "texto": "Você recebe +10 em testes de resistência contra efeitos da Tormenta, de suas criaturas e de devotos de Aharadak. Além disso, seu primeiro poder da Tormenta não conta para a perda de Carisma.",
    "ref": { "Manual": "Manual Básico", "pagina": 132 }
  },
  {
    "nome": "Anatomia Insana",
    "tipo": "Tormenta",
    "texto": "Você tem 25% de chance (resultado '1' em 1d4) de ignorar o dano adicional de um acerto crítico ou ataque furtivo. A chance aumenta em +25% para cada dois outros poderes da Tormenta que possui.",
    "ref": { "Manual": "Manual Básico", "pagina": 136 }
  }
]
